id,season,team1,team2,winner
335982,2007/08,Royal Challengers Bangalore,Kolkata Knight Riders,Kolkata Knight Riders
335983,2007/08,Kings XI Punjab,Chennai Super Kings,Chennai Super Kings
335984,2007/08,Delhi Daredevils,Rajasthan Royals,Delhi Daredevils
335985,2007/08,Mumbai Indians,Royal Challengers Bangalore,Royal Challengers Bangalore
335986,2007/08,Kolkata Knight Riders,Deccan Chargers,Kolkata Knight Riders
335987,2007/08,Rajasthan Royals,Kings XI Punjab,Rajasthan Royals
335988,2007/08,Deccan Chargers,Delhi Daredevils,Delhi Daredevils
335989,2007/08,Chennai Super Kings,Mumbai Indians,Chennai Super Kings
335990,2007/08,Deccan Chargers,Rajasthan Royals,Rajasthan Royals
335991,2007/08,Kings XI Punjab,Mumbai Indians,Kings XI Punjab
335992,2007/08,Royal Challengers Bangalore,Rajasthan Royals,Rajasthan Royals
335993,2007/08,Chennai Super Kings,Kolkata Knight Riders,Chennai Super Kings
335994,2007/08,Mumbai Indians,Deccan Chargers,Deccan Chargers
335995,2007/08,Kings XI Punjab,Delhi Daredevils,Kings XI Punjab
335996,2007/08,Royal Challengers Bangalore,Chennai Super Kings,Chennai Super Kings
335997,2007/08,Kolkata Knight Riders,Mumbai Indians,Mumbai Indians
335998,2007/08,Delhi Daredevils,Royal Challengers Bangalore,Delhi Daredevils
335999,2007/08,Deccan Chargers,Kings XI Punjab,Kings XI Punjab
336000,2007/08,Rajasthan Royals,Kolkata Knight Riders,Rajasthan Royals
336001,2007/08,Chennai Super Kings,Delhi Daredevils,Delhi Daredevils
336003,2007/08,Kings XI Punjab,Kolkata Knight Riders,Kings XI Punjab
336034,2007/08,Royal Challengers Bangalore,Deccan Chargers,Royal Challengers Bangalore
336004,2007/08,Mumbai Indians,Delhi Daredevils,Mumbai Indians
336005,2007/08,Rajasthan Royals,Chennai Super Kings,Rajasthan Royals
336006,2007/08,Royal Challengers Bangalore,Kings XI Punjab,Kings XI Punjab
336007,2007/08,Chennai Super Kings,Deccan Chargers,Deccan Chargers
336008,2007/08,Mumbai Indians,Rajasthan Royals,Mumbai Indians
336009,2007/08,Delhi Daredevils,Chennai Super Kings,Chennai Super Kings
336010,2007/08,Kolkata Knight Riders,Royal Challengers Bangalore,Kolkata Knight Riders
336011,2007/08,Rajasthan Royals,Deccan Chargers,Rajasthan Royals
336013,2007/08,Chennai Super Kings,Kings XI Punjab,Chennai Super Kings
336014,2007/08,Deccan Chargers,Kolkata Knight Riders,Kolkata Knight Riders
336015,2007/08,Rajasthan Royals,Delhi Daredevils,Rajasthan Royals
336016,2007/08,Kings XI Punjab,Royal Challengers Bangalore,Kings XI Punjab
336017,2007/08,Kolkata Knight Riders,Delhi Daredevils,Kolkata Knight Riders
336018,2007/08,Mumbai Indians,Chennai Super Kings,Mumbai Indians
336020,2007/08,Delhi Daredevils,Deccan Chargers,Delhi Daredevils
336021,2007/08,Mumbai Indians,Kolkata Knight Riders,Mumbai Indians
336022,2007/08,Delhi Daredevils,Kings XI Punjab,Kings XI Punjab
336023,2007/08,Rajasthan Royals,Royal Challengers Bangalore,Rajasthan Royals
336024,2007/08,Deccan Chargers,Mumbai Indians,Mumbai Indians
336025,2007/08,Kolkata Knight Riders,Chennai Super Kings,Chennai Super Kings
336026,2007/08,Royal Challengers Bangalore,Delhi Daredevils,Delhi Daredevils
336027,2007/08,Kolkata Knight Riders,Rajasthan Royals,Rajasthan Royals
336028,2007/08,Mumbai Indians,Kings XI Punjab,Kings XI Punjab
336029,2007/08,Chennai Super Kings,Royal Challengers Bangalore,Royal Challengers Bangalore
336031,2007/08,Kings XI Punjab,Deccan Chargers,Kings XI Punjab
336032,2007/08,Delhi Daredevils,Mumbai Indians,Delhi Daredevils
336033,2007/08,Chennai Super Kings,Rajasthan Royals,Rajasthan Royals
336002,2007/08,Deccan Chargers,Royal Challengers Bangalore,Royal Challengers Bangalore
336035,2007/08,Kolkata Knight Riders,Kings XI Punjab,Kolkata Knight Riders
336036,2007/08,Rajasthan Royals,Mumbai Indians,Rajasthan Royals
336037,2007/08,Deccan Chargers,Chennai Super Kings,Chennai Super Kings
336012,2007/08,Royal Challengers Bangalore,Mumbai Indians,Mumbai Indians
336019,2007/08,Kings XI Punjab,Rajasthan Royals,Kings XI Punjab
336038,2007/08,Delhi Daredevils,Rajasthan Royals,Rajasthan Royals
336039,2007/08,Chennai Super Kings,Kings XI Punjab,Chennai Super Kings
336040,2007/08,Chennai Super Kings,Rajasthan Royals,Rajasthan Royals
392181,2009,Chennai Super Kings,Mumbai Indians,Mumbai Indians
392182,2009,Royal Challengers Bangalore,Rajasthan Royals,Royal Challengers Bangalore
392183,2009,Delhi Daredevils,Kings XI Punjab,Delhi Daredevils
392184,2009,Deccan Chargers,Kolkata Knight Riders,Deccan Chargers
392185,2009,Royal Challengers Bangalore,Chennai Super Kings,Chennai Super Kings
392186,2009,Kings XI Punjab,Kolkata Knight Riders,Kolkata Knight Riders
392188,2009,Royal Challengers Bangalore,Deccan Chargers,Deccan Chargers
392189,2009,Chennai Super Kings,Delhi Daredevils,Delhi Daredevils
392190,2009,Kolkata Knight Riders,Rajasthan Royals,Rajasthan Royals
392191,2009,Royal Challengers Bangalore,Kings XI Punjab,Kings XI Punjab
392192,2009,Deccan Chargers,Mumbai Indians,Deccan Chargers
392194,2009,Royal Challengers Bangalore,Delhi Daredevils,Delhi Daredevils
392195,2009,Kings XI Punjab,Rajasthan Royals,Kings XI Punjab
392196,2009,Chennai Super Kings,Deccan Chargers,Deccan Chargers
392197,2009,Kolkata Knight Riders,Mumbai Indians,Mumbai Indians
392198,2009,Delhi Daredevils,Rajasthan Royals,Rajasthan Royals
392199,2009,Royal Challengers Bangalore,Kolkata Knight Riders,Royal Challengers Bangalore
392200,2009,Kings XI Punjab,Mumbai Indians,Kings XI Punjab
392201,2009,Deccan Chargers,Delhi Daredevils,Delhi Daredevils
392202,2009,Chennai Super Kings,Rajasthan Royals,Chennai Super Kings
392203,2009,Kolkata Knight Riders,Mumbai Indians,Mumbai Indians
392204,2009,Royal Challengers Bangalore,Kings XI Punjab,Royal Challengers Bangalore
392205,2009,Deccan Chargers,Rajasthan Royals,Rajasthan Royals
392206,2009,Chennai Super Kings,Delhi Daredevils,Chennai Super Kings
392207,2009,Kings XI Punjab,Kolkata Knight Riders,Kings XI Punjab
392208,2009,Royal Challengers Bangalore,Mumbai Indians,Royal Challengers Bangalore
392209,2009,Chennai Super Kings,Deccan Chargers,Chennai Super Kings
392210,2009,Kings XI Punjab,Rajasthan Royals,Rajasthan Royals
392211,2009,Delhi Daredevils,Kolkata Knight Riders,Delhi Daredevils
392212,2009,Deccan Chargers,Mumbai Indians,Deccan Chargers
392213,2009,Royal Challengers Bangalore,Rajasthan Royals,Rajasthan Royals
392214,2009,Chennai Super Kings,Kings XI Punjab,Chennai Super Kings
392215,2009,Delhi Daredevils,Mumbai Indians,Delhi Daredevils
392216,2009,Deccan Chargers,Kings XI Punjab,Kings XI Punjab
392217,2009,Chennai Super Kings,Rajasthan Royals,Chennai Super Kings
392218,2009,Royal Challengers Bangalore,Mumbai Indians,Mumbai Indians
392219,2009,Delhi Daredevils,Kolkata Knight Riders,Delhi Daredevils
392220,2009,Deccan Chargers,Rajasthan Royals,Deccan Chargers
392221,2009,Royal Challengers Bangalore,Kolkata Knight Riders,Royal Challengers Bangalore
392222,2009,Kings XI Punjab,Mumbai Indians,Mumbai Indians
392223,2009,Deccan Chargers,Delhi Daredevils,Delhi Daredevils
392224,2009,Royal Challengers Bangalore,Chennai Super Kings,Royal Challengers Bangalore
392225,2009,Mumbai Indians,Rajasthan Royals,Rajasthan Royals
392226,2009,Delhi Daredevils,Kings XI Punjab,Kings XI Punjab
392227,2009,Chennai Super Kings,Mumbai Indians,Chennai Super Kings
392228,2009,Deccan Chargers,Kolkata Knight Riders,Deccan Chargers
392229,2009,Deccan Chargers,Kings XI Punjab,Kings XI Punjab
392230,2009,Delhi Daredevils,Rajasthan Royals,Delhi Daredevils
392231,2009,Chennai Super Kings,Kolkata Knight Riders,Kolkata Knight Riders
392232,2009,Royal Challengers Bangalore,Delhi Daredevils,Royal Challengers Bangalore
392233,2009,Kolkata Knight Riders,Rajasthan Royals,Kolkata Knight Riders
392234,2009,Chennai Super Kings,Kings XI Punjab,Chennai Super Kings
392235,2009,Delhi Daredevils,Mumbai Indians,Delhi Daredevils
392236,2009,Royal Challengers Bangalore,Deccan Chargers,Royal Challengers Bangalore
392237,2009,Delhi Daredevils,Deccan Chargers,Deccan Chargers
392238,2009,Royal Challengers Bangalore,Chennai Super Kings,Royal Challengers Bangalore
392239,2009,Royal Challengers Bangalore,Deccan Chargers,Deccan Chargers
419106,2009/10,Deccan Chargers,Kolkata Knight Riders,Kolkata Knight Riders
419107,2009/10,Mumbai Indians,Rajasthan Royals,Mumbai Indians
419108,2009/10,Kings XI Punjab,Delhi Daredevils,Delhi Daredevils
419109,2009/10,Kolkata Knight Riders,Royal Challengers Bangalore,Kolkata Knight Riders
419110,2009/10,Chennai Super Kings,Deccan Chargers,Deccan Chargers
419111,2009/10,Rajasthan Royals,Delhi Daredevils,Delhi Daredevils
419112,2009/10,Royal Challengers Bangalore,Kings XI Punjab,Royal Challengers Bangalore
419113,2009/10,Kolkata Knight Riders,Chennai Super Kings,Chennai Super Kings
419114,2009/10,Delhi Daredevils,Mumbai Indians,Mumbai Indians
419115,2009/10,Royal Challengers Bangalore,Rajasthan Royals,Royal Challengers Bangalore
419116,2009/10,Delhi Daredevils,Chennai Super Kings,Chennai Super Kings
419117,2009/10,Deccan Chargers,Kings XI Punjab,Deccan Chargers
419118,2009/10,Rajasthan Royals,Kolkata Knight Riders,Rajasthan Royals
419119,2009/10,Mumbai Indians,Royal Challengers Bangalore,Royal Challengers Bangalore
419120,2009/10,Deccan Chargers,Delhi Daredevils,Deccan Chargers
419121,2009/10,Chennai Super Kings,Kings XI Punjab,Kings XI Punjab
419122,2009/10,Mumbai Indians,Kolkata Knight Riders,Mumbai Indians
419123,2009/10,Royal Challengers Bangalore,Chennai Super Kings,Royal Challengers Bangalore
419124,2009/10,Kings XI Punjab,Rajasthan Royals,Rajasthan Royals
419125,2009/10,Chennai Super Kings,Mumbai Indians,Mumbai Indians
419128,2009/10,Royal Challengers Bangalore,Delhi Daredevils,Delhi Daredevils
419126,2009/10,Rajasthan Royals,Deccan Chargers,Rajasthan Royals
419127,2009/10,Kings XI Punjab,Kolkata Knight Riders,Kolkata Knight Riders
419129,2009/10,Rajasthan Royals,Chennai Super Kings,Rajasthan Royals
419130,2009/10,Deccan Chargers,Mumbai Indians,Mumbai Indians
419131,2009/10,Delhi Daredevils,Kolkata Knight Riders,Delhi Daredevils
419132,2009/10,Mumbai Indians,Kings XI Punjab,Mumbai Indians
419133,2009/10,Chennai Super Kings,Royal Challengers Bangalore,Chennai Super Kings
419134,2009/10,Delhi Daredevils,Rajasthan Royals,Delhi Daredevils
419135,2009/10,Kolkata Knight Riders,Deccan Chargers,Kolkata Knight Riders
419136,2009/10,Kings XI Punjab,Royal Challengers Bangalore,Royal Challengers Bangalore
419137,2009/10,Chennai Super Kings,Rajasthan Royals,Chennai Super Kings
419138,2009/10,Mumbai Indians,Deccan Chargers,Mumbai Indians
419139,2009/10,Kolkata Knight Riders,Kings XI Punjab,Kings XI Punjab
419140,2009/10,Delhi Daredevils,Royal Challengers Bangalore,Delhi Daredevils
419141,2009/10,Deccan Chargers,Rajasthan Royals,Rajasthan Royals
419142,2009/10,Chennai Super Kings,Mumbai Indians,Chennai Super Kings
419143,2009/10,Rajasthan Royals,Kings XI Punjab,Rajasthan Royals
419144,2009/10,Kolkata Knight Riders,Delhi Daredevils,Kolkata Knight Riders
419145,2009/10,Royal Challengers Bangalore,Deccan Chargers,Deccan Chargers
419146,2009/10,Kings XI Punjab,Mumbai Indians,Kings XI Punjab
419147,2009/10,Deccan Chargers,Chennai Super Kings,Deccan Chargers
419148,2009/10,Royal Challengers Bangalore,Kolkata Knight Riders,Royal Challengers Bangalore
419149,2009/10,Delhi Daredevils,Kings XI Punjab,Kings XI Punjab
419150,2009/10,Rajasthan Royals,Mumbai Indians,Mumbai Indians
419151,2009/10,Deccan Chargers,Royal Challengers Bangalore,Deccan Chargers
419152,2009/10,Mumbai Indians,Delhi Daredevils,Mumbai Indians
419153,2009/10,Chennai Super Kings,Kolkata Knight Riders,Chennai Super Kings
419154,2009/10,Rajasthan Royals,Royal Challengers Bangalore,Royal Challengers Bangalore
419155,2009/10,Chennai Super Kings,Delhi Daredevils,Delhi Daredevils
419156,2009/10,Kings XI Punjab,Deccan Chargers,Deccan Chargers
419157,2009/10,Royal Challengers Bangalore,Mumbai Indians,Mumbai Indians
419158,2009/10,Kolkata Knight Riders,Rajasthan Royals,Kolkata Knight Riders
419159,2009/10,Kings XI Punjab,Chennai Super Kings,Chennai Super Kings
419160,2009/10,Delhi Daredevils,Deccan Chargers,Deccan Chargers
419161,2009/10,Kolkata Knight Riders,Mumbai Indians,Kolkata Knight Riders
419162,2009/10,Royal Challengers Bangalore,Mumbai Indians,Mumbai Indians
419163,2009/10,Chennai Super Kings,Deccan Chargers,Chennai Super Kings
419164,2009/10,Royal Challengers Bangalore,Deccan Chargers,Royal Challengers Bangalore
419165,2009/10,Chennai Super Kings,Mumbai Indians,Chennai Super Kings
501198,2011,Chennai Super Kings,Kolkata Knight Riders,Chennai Super Kings
501199,2011,Deccan Chargers,Rajasthan Royals,Rajasthan Royals
501200,2011,Kochi Tuskers Kerala,Royal Challengers Bangalore,Royal Challengers Bangalore
501201,2011,Delhi Daredevils,Mumbai Indians,Mumbai Indians
501202,2011,Pune Warriors,Kings XI Punjab,Pune Warriors
501203,2011,Kolkata Knight Riders,Deccan Chargers,Kolkata Knight Riders
501204,2011,Rajasthan Royals,Delhi Daredevils,Rajasthan Royals
501205,2011,Royal Challengers Bangalore,Mumbai Indians,Mumbai Indians
501206,2011,Kings XI Punjab,Chennai Super Kings,Kings XI Punjab
501207,2011,Pune Warriors,Kochi Tuskers Kerala,Pune Warriors
501208,2011,Deccan Chargers,Royal Challengers Bangalore,Deccan Chargers
501209,2011,Rajasthan Royals,Kolkata Knight Riders,Kolkata Knight Riders
501210,2011,Mumbai Indians,Kochi Tuskers Kerala,Kochi Tuskers Kerala
501211,2011,Chennai Super Kings,Royal Challengers Bangalore,Chennai Super Kings
501212,2011,Deccan Chargers,Kings XI Punjab,Kings XI Punjab
501213,2011,Pune Warriors,Delhi Daredevils,Delhi Daredevils
501214,2011,Kolkata Knight Riders,Rajasthan Royals,Kolkata Knight Riders
501215,2011,Kochi Tuskers Kerala,Chennai Super Kings,Kochi Tuskers Kerala
501216,2011,Delhi Daredevils,Deccan Chargers,Deccan Chargers
501218,2011,Mumbai Indians,Pune Warriors,Mumbai Indians
501219,2011,Kolkata Knight Riders,Kochi Tuskers Kerala,Kochi Tuskers Kerala
501220,2011,Kings XI Punjab,Rajasthan Royals,Kings XI Punjab
501221,2011,Mumbai Indians,Chennai Super Kings,Mumbai Indians
501222,2011,Kolkata Knight Riders,Royal Challengers Bangalore,Royal Challengers Bangalore
501223,2011,Delhi Daredevils,Kings XI Punjab,Delhi Daredevils
501224,2011,Deccan Chargers,Mumbai Indians,Mumbai Indians
501225,2011,Rajasthan Royals,Kochi Tuskers Kerala,Rajasthan Royals
501226,2011,Chennai Super Kings,Pune Warriors,Chennai Super Kings
501227,2011,Delhi Daredevils,Royal Challengers Bangalore,Royal Challengers Bangalore
501228,2011,Pune Warriors,Chennai Super Kings,Chennai Super Kings
501229,2011,Kochi Tuskers Kerala,Deccan Chargers,Deccan Chargers
501230,2011,Delhi Daredevils,Kolkata Knight Riders,Kolkata Knight Riders
501231,2011,Rajasthan Royals,Mumbai Indians,Rajasthan Royals
501232,2011,Royal Challengers Bangalore,Pune Warriors,Royal Challengers Bangalore
501233,2011,Kochi Tuskers Kerala,Delhi Daredevils,Delhi Daredevils
501234,2011,Kolkata Knight Riders,Kings XI Punjab,Kolkata Knight Riders
501235,2011,Rajasthan Royals,Pune Warriors,Rajasthan Royals
501236,2011,Chennai Super Kings,Deccan Chargers,Chennai Super Kings
501237,2011,Mumbai Indians,Kings XI Punjab,Mumbai Indians
501238,2011,Delhi Daredevils,Kochi Tuskers Kerala,Kochi Tuskers Kerala
501239,2011,Deccan Chargers,Kolkata Knight Riders,Kolkata Knight Riders
501240,2011,Chennai Super Kings,Rajasthan Royals,Chennai Super Kings
501241,2011,Pune Warriors,Mumbai Indians,Mumbai Indians
501242,2011,Kochi Tuskers Kerala,Kolkata Knight Riders,Kochi Tuskers Kerala
501243,2011,Deccan Chargers,Delhi Daredevils,Delhi Daredevils
501244,2011,Royal Challengers Bangalore,Kings XI Punjab,Royal Challengers Bangalore
501245,2011,Kolkata Knight Riders,Chennai Super Kings,Kolkata Knight Riders
501246,2011,Mumbai Indians,Delhi Daredevils,Mumbai Indians
501247,2011,Royal Challengers Bangalore,Kochi Tuskers Kerala,Royal Challengers Bangalore
501248,2011,Kings XI Punjab,Pune Warriors,Pune Warriors
501249,2011,Rajasthan Royals,Chennai Super Kings,Chennai Super Kings
501250,2011,Deccan Chargers,Pune Warriors,Pune Warriors
501251,2011,Kings XI Punjab,Mumbai Indians,Kings XI Punjab
501252,2011,Rajasthan Royals,Royal Challengers Bangalore,Royal Challengers Bangalore
501253,2011,Chennai Super Kings,Delhi Daredevils,Chennai Super Kings
501254,2011,Kochi Tuskers Kerala,Kings XI Punjab,Kings XI Punjab
501255,2011,Royal Challengers Bangalore,Kolkata Knight Riders,Royal Challengers Bangalore
501256,2011,Mumbai Indians,Deccan Chargers,Deccan Chargers
501257,2011,Kings XI Punjab,Delhi Daredevils,Kings XI Punjab
501258,2011,Kochi Tuskers Kerala,Rajasthan Royals,Kochi Tuskers Kerala
501259,2011,Pune Warriors,Deccan Chargers,Deccan Chargers
501260,2011,Kings XI Punjab,Royal Challengers Bangalore,Kings XI Punjab
501261,2011,Chennai Super Kings,Kochi Tuskers Kerala,Chennai Super Kings
501262,2011,Pune Warriors,Kolkata Knight Riders,Kolkata Knight Riders
501263,2011,Mumbai Indians,Rajasthan Royals,Rajasthan Royals
501264,2011,Kings XI Punjab,Deccan Chargers,Deccan Chargers
501265,2011,Delhi Daredevils,Pune Warriors,NA
501266,2011,Royal Challengers Bangalore,Chennai Super Kings,Royal Challengers Bangalore
501267,2011,Kolkata Knight Riders,Mumbai Indians,Mumbai Indians
501268,2011,Royal Challengers Bangalore,Chennai Super Kings,Chennai Super Kings
501269,2011,Mumbai Indians,Kolkata Knight Riders,Mumbai Indians
501270,2011,Royal Challengers Bangalore,Mumbai Indians,Royal Challengers Bangalore
501271,2011,Chennai Super Kings,Royal Challengers Bangalore,Chennai Super Kings
548306,2012,Chennai Super Kings,Mumbai Indians,Mumbai Indians
548307,2012,Kolkata Knight Riders,Delhi Daredevils,Delhi Daredevils
548308,2012,Mumbai Indians,Pune Warriors,Pune Warriors
548309,2012,Rajasthan Royals,Kings XI Punjab,Rajasthan Royals
548310,2012,Royal Challengers Bangalore,Delhi Daredevils,Royal Challengers Bangalore
548311,2012,Deccan Chargers,Chennai Super Kings,Chennai Super Kings
548312,2012,Rajasthan Royals,Kolkata Knight Riders,Rajasthan Royals
548313,2012,Pune Warriors,Kings XI Punjab,Pune Warriors
548314,2012,Deccan Chargers,Mumbai Indians,Mumbai Indians
548315,2012,Royal Challengers Bangalore,Kolkata Knight Riders,Kolkata Knight Riders
548316,2012,Delhi Daredevils,Chennai Super Kings,Delhi Daredevils
548317,2012,Mumbai Indians,Rajasthan Royals,Mumbai Indians
548318,2012,Chennai Super Kings,Royal Challengers Bangalore,Chennai Super Kings
548319,2012,Kings XI Punjab,Pune Warriors,Kings XI Punjab
548320,2012,Kolkata Knight Riders,Rajasthan Royals,Kolkata Knight Riders
548322,2012,Pune Warriors,Chennai Super Kings,Pune Warriors
548323,2012,Kolkata Knight Riders,Kings XI Punjab,Kings XI Punjab
548324,2012,Royal Challengers Bangalore,Rajasthan Royals,Rajasthan Royals
548325,2012,Mumbai Indians,Delhi Daredevils,Delhi Daredevils
548326,2012,Rajasthan Royals,Deccan Chargers,Rajasthan Royals
548327,2012,Royal Challengers Bangalore,Pune Warriors,Royal Challengers Bangalore
548328,2012,Kings XI Punjab,Kolkata Knight Riders,Kolkata Knight Riders
548321,2012,Delhi Daredevils,Deccan Chargers,Delhi Daredevils
548330,2012,Chennai Super Kings,Pune Warriors,Chennai Super Kings
548331,2012,Kings XI Punjab,Royal Challengers Bangalore,Royal Challengers Bangalore
548332,2012,Chennai Super Kings,Rajasthan Royals,Chennai Super Kings
548333,2012,Delhi Daredevils,Pune Warriors,Pune Warriors
548334,2012,Mumbai Indians,Kings XI Punjab,Kings XI Punjab
548335,2012,Deccan Chargers,Kolkata Knight Riders,Kolkata Knight Riders
548336,2012,Rajasthan Royals,Royal Challengers Bangalore,Royal Challengers Bangalore
548337,2012,Pune Warriors,Delhi Daredevils,Delhi Daredevils
548339,2012,Kings XI Punjab,Mumbai Indians,Mumbai Indians
548341,2012,Pune Warriors,Deccan Chargers,Deccan Chargers
548342,2012,Delhi Daredevils,Mumbai Indians,Delhi Daredevils
548343,2012,Chennai Super Kings,Kings XI Punjab,Kings XI Punjab
548344,2012,Kolkata Knight Riders,Royal Challengers Bangalore,Kolkata Knight Riders
548345,2012,Delhi Daredevils,Rajasthan Royals,Delhi Daredevils
548346,2012,Mumbai Indians,Deccan Chargers,Mumbai Indians
548347,2012,Chennai Super Kings,Kolkata Knight Riders,Kolkata Knight Riders
548348,2012,Deccan Chargers,Pune Warriors,Deccan Chargers
548349,2012,Rajasthan Royals,Delhi Daredevils,Delhi Daredevils
548350,2012,Royal Challengers Bangalore,Kings XI Punjab,Kings XI Punjab
548351,2012,Pune Warriors,Mumbai Indians,Mumbai Indians
548352,2012,Chennai Super Kings,Deccan Chargers,Chennai Super Kings
548353,2012,Kolkata Knight Riders,Pune Warriors,Kolkata Knight Riders
548354,2012,Kings XI Punjab,Rajasthan Royals,Rajasthan Royals
548355,2012,Mumbai Indians,Chennai Super Kings,Mumbai Indians
548356,2012,Royal Challengers Bangalore,Deccan Chargers,Royal Challengers Bangalore
548357,2012,Delhi Daredevils,Kolkata Knight Riders,Kolkata Knight Riders
548358,2012,Pune Warriors,Rajasthan Royals,Rajasthan Royals
548359,2012,Deccan Chargers,Kings XI Punjab,Kings XI Punjab
548360,2012,Mumbai Indians,Royal Challengers Bangalore,Royal Challengers Bangalore
548329,2012,Deccan Chargers,Delhi Daredevils,Delhi Daredevils
548361,2012,Rajasthan Royals,Chennai Super Kings,Chennai Super Kings
548362,2012,Pune Warriors,Royal Challengers Bangalore,Royal Challengers Bangalore
548363,2012,Kolkata Knight Riders,Mumbai Indians,Mumbai Indians
548364,2012,Chennai Super Kings,Delhi Daredevils,Chennai Super Kings
548365,2012,Rajasthan Royals,Pune Warriors,Rajasthan Royals
548366,2012,Kings XI Punjab,Deccan Chargers,Kings XI Punjab
548367,2012,Royal Challengers Bangalore,Mumbai Indians,Mumbai Indians
548368,2012,Kolkata Knight Riders,Chennai Super Kings,Chennai Super Kings
548369,2012,Delhi Daredevils,Kings XI Punjab,Delhi Daredevils
548370,2012,Mumbai Indians,Kolkata Knight Riders,Kolkata Knight Riders
548371,2012,Kings XI Punjab,Chennai Super Kings,Kings XI Punjab
548372,2012,Delhi Daredevils,Royal Challengers Bangalore,Royal Challengers Bangalore
548373,2012,Deccan Chargers,Rajasthan Royals,Deccan Chargers
548374,2012,Kings XI Punjab,Delhi Daredevils,Delhi Daredevils
548375,2012,Pune Warriors,Kolkata Knight Riders,Kolkata Knight Riders
548376,2012,Deccan Chargers,Royal Challengers Bangalore,Deccan Chargers
548377,2012,Rajasthan Royals,Mumbai Indians,Mumbai Indians
548378,2012,Delhi Daredevils,Kolkata Knight Riders,Kolkata Knight Riders
548379,2012,Chennai Super Kings,Mumbai Indians,Chennai Super Kings
548380,2012,Delhi Daredevils,Chennai Super Kings,Chennai Super Kings
548381,2012,Kolkata Knight Riders,Chennai Super Kings,Kolkata Knight Riders
597998,2013,Kolkata Knight Riders,Delhi Daredevils,Kolkata Knight Riders
597999,2013,Royal Challengers Bangalore,Mumbai Indians,Royal Challengers Bangalore
598000,2013,Sunrisers Hyderabad,Pune Warriors,Sunrisers Hyderabad
598001,2013,Delhi Daredevils,Rajasthan Royals,Rajasthan Royals
598002,2013,Chennai Super Kings,Mumbai Indians,Mumbai Indians
598003,2013,Pune Warriors,Kings XI Punjab,Kings XI Punjab
598004,2013,Sunrisers Hyderabad,Royal Challengers Bangalore,Sunrisers Hyderabad
598005,2013,Rajasthan Royals,Kolkata Knight Riders,Rajasthan Royals
598006,2013,Mumbai Indians,Delhi Daredevils,Mumbai Indians
598048,2013,Royal Challengers Bangalore,Sunrisers Hyderabad,Royal Challengers Bangalore
598007,2013,Kings XI Punjab,Chennai Super Kings,Chennai Super Kings
598008,2013,Royal Challengers Bangalore,Kolkata Knight Riders,Royal Challengers Bangalore
598009,2013,Pune Warriors,Rajasthan Royals,Pune Warriors
598010,2013,Delhi Daredevils,Sunrisers Hyderabad,Sunrisers Hyderabad
598011,2013,Mumbai Indians,Pune Warriors,Mumbai Indians
598012,2013,Chennai Super Kings,Royal Challengers Bangalore,Chennai Super Kings
598013,2013,Kolkata Knight Riders,Sunrisers Hyderabad,Kolkata Knight Riders
598014,2013,Rajasthan Royals,Kings XI Punjab,Rajasthan Royals
598015,2013,Chennai Super Kings,Pune Warriors,Pune Warriors
598016,2013,Kings XI Punjab,Kolkata Knight Riders,Kings XI Punjab
598017,2013,Royal Challengers Bangalore,Delhi Daredevils,Royal Challengers Bangalore
598018,2013,Pune Warriors,Sunrisers Hyderabad,Sunrisers Hyderabad
598019,2013,Rajasthan Royals,Mumbai Indians,Rajasthan Royals
598020,2013,Delhi Daredevils,Chennai Super Kings,Chennai Super Kings
598021,2013,Sunrisers Hyderabad,Kings XI Punjab,Sunrisers Hyderabad
598022,2013,Kolkata Knight Riders,Chennai Super Kings,Chennai Super Kings
598023,2013,Royal Challengers Bangalore,Rajasthan Royals,Royal Challengers Bangalore
598024,2013,Delhi Daredevils,Mumbai Indians,Delhi Daredevils
598025,2013,Kings XI Punjab,Pune Warriors,Kings XI Punjab
598026,2013,Chennai Super Kings,Rajasthan Royals,Chennai Super Kings
598027,2013,Royal Challengers Bangalore,Pune Warriors,Royal Challengers Bangalore
598059,2013,Delhi Daredevils,Kings XI Punjab,Kings XI Punjab
598029,2013,Kolkata Knight Riders,Mumbai Indians,Mumbai Indians
598030,2013,Chennai Super Kings,Sunrisers Hyderabad,Chennai Super Kings
598031,2013,Kolkata Knight Riders,Kings XI Punjab,Kolkata Knight Riders
598032,2013,Rajasthan Royals,Sunrisers Hyderabad,Rajasthan Royals
598033,2013,Mumbai Indians,Royal Challengers Bangalore,Mumbai Indians
598034,2013,Chennai Super Kings,Kolkata Knight Riders,Chennai Super Kings
598035,2013,Delhi Daredevils,Pune Warriors,Delhi Daredevils
598036,2013,Rajasthan Royals,Royal Challengers Bangalore,Rajasthan Royals
598037,2013,Mumbai Indians,Kings XI Punjab,Mumbai Indians
598038,2013,Pune Warriors,Chennai Super Kings,Chennai Super Kings
598039,2013,Sunrisers Hyderabad,Mumbai Indians,Sunrisers Hyderabad
598040,2013,Delhi Daredevils,Kolkata Knight Riders,Delhi Daredevils
598041,2013,Chennai Super Kings,Kings XI Punjab,Chennai Super Kings
598042,2013,Pune Warriors,Royal Challengers Bangalore,Royal Challengers Bangalore
598043,2013,Kolkata Knight Riders,Rajasthan Royals,Kolkata Knight Riders
598044,2013,Sunrisers Hyderabad,Delhi Daredevils,Sunrisers Hyderabad
598046,2013,Mumbai Indians,Chennai Super Kings,Mumbai Indians
598047,2013,Rajasthan Royals,Pune Warriors,Rajasthan Royals
598064,2013,Kings XI Punjab,Royal Challengers Bangalore,Kings XI Punjab
598049,2013,Rajasthan Royals,Delhi Daredevils,Rajasthan Royals
598050,2013,Mumbai Indians,Kolkata Knight Riders,Mumbai Indians
598051,2013,Sunrisers Hyderabad,Chennai Super Kings,Chennai Super Kings
598052,2013,Kings XI Punjab,Rajasthan Royals,Rajasthan Royals
598053,2013,Pune Warriors,Kolkata Knight Riders,Kolkata Knight Riders
598054,2013,Delhi Daredevils,Royal Challengers Bangalore,Royal Challengers Bangalore
598055,2013,Pune Warriors,Mumbai Indians,Mumbai Indians
598056,2013,Kings XI Punjab,Sunrisers Hyderabad,Sunrisers Hyderabad
598057,2013,Kolkata Knight Riders,Royal Challengers Bangalore,Kolkata Knight Riders
598058,2013,Rajasthan Royals,Chennai Super Kings,Rajasthan Royals
598060,2013,Mumbai Indians,Sunrisers Hyderabad,Mumbai Indians
598045,2013,Royal Challengers Bangalore,Kings XI Punjab,Kings XI Punjab
598062,2013,Chennai Super Kings,Delhi Daredevils,Chennai Super Kings
598061,2013,Kolkata Knight Riders,Pune Warriors,Pune Warriors
598063,2013,Mumbai Indians,Rajasthan Royals,Mumbai Indians
598028,2013,Kings XI Punjab,Delhi Daredevils,Kings XI Punjab
598065,2013,Sunrisers Hyderabad,Rajasthan Royals,Sunrisers Hyderabad
598066,2013,Kings XI Punjab,Mumbai Indians,Kings XI Punjab
598068,2013,Royal Challengers Bangalore,Chennai Super Kings,Royal Challengers Bangalore
598067,2013,Pune Warriors,Delhi Daredevils,Pune Warriors
598069,2013,Sunrisers Hyderabad,Kolkata Knight Riders,Sunrisers Hyderabad
598070,2013,Chennai Super Kings,Mumbai Indians,Chennai Super Kings
598071,2013,Rajasthan Royals,Sunrisers Hyderabad,Rajasthan Royals
598072,2013,Mumbai Indians,Rajasthan Royals,Mumbai Indians
598073,2013,Chennai Super Kings,Mumbai Indians,Mumbai Indians
729279,2014,Mumbai Indians,Kolkata Knight Riders,Kolkata Knight Riders
729281,2014,Delhi Daredevils,Royal Challengers Bangalore,Royal Challengers Bangalore
729283,2014,Chennai Super Kings,Kings XI Punjab,Kings XI Punjab
729285,2014,Sunrisers Hyderabad,Rajasthan Royals,Rajasthan Royals
729287,2014,Royal Challengers Bangalore,Mumbai Indians,Royal Challengers Bangalore
729289,2014,Kolkata Knight Riders,Delhi Daredevils,Delhi Daredevils
729291,2014,Rajasthan Royals,Kings XI Punjab,Kings XI Punjab
729293,2014,Chennai Super Kings,Delhi Daredevils,Chennai Super Kings
729295,2014,Kings XI Punjab,Sunrisers Hyderabad,Kings XI Punjab
729297,2014,Rajasthan Royals,Chennai Super Kings,Chennai Super Kings
729299,2014,Royal Challengers Bangalore,Kolkata Knight Riders,Kolkata Knight Riders
729301,2014,Sunrisers Hyderabad,Delhi Daredevils,Sunrisers Hyderabad
729303,2014,Chennai Super Kings,Mumbai Indians,Chennai Super Kings
729305,2014,Rajasthan Royals,Royal Challengers Bangalore,Rajasthan Royals
729307,2014,Kolkata Knight Riders,Kings XI Punjab,Kings XI Punjab
729309,2014,Delhi Daredevils,Mumbai Indians,Delhi Daredevils
729311,2014,Sunrisers Hyderabad,Chennai Super Kings,Chennai Super Kings
729313,2014,Kings XI Punjab,Royal Challengers Bangalore,Kings XI Punjab
729315,2014,Kolkata Knight Riders,Rajasthan Royals,Rajasthan Royals
729317,2014,Mumbai Indians,Sunrisers Hyderabad,Sunrisers Hyderabad
733971,2014,Chennai Super Kings,Kolkata Knight Riders,Chennai Super Kings
733973,2014,Mumbai Indians,Kings XI Punjab,Mumbai Indians
733975,2014,Delhi Daredevils,Rajasthan Royals,Rajasthan Royals
733977,2014,Royal Challengers Bangalore,Sunrisers Hyderabad,Royal Challengers Bangalore
733979,2014,Rajasthan Royals,Kolkata Knight Riders,Rajasthan Royals
733981,2014,Delhi Daredevils,Chennai Super Kings,Chennai Super Kings
733983,2014,Mumbai Indians,Royal Challengers Bangalore,Mumbai Indians
733985,2014,Delhi Daredevils,Kolkata Knight Riders,Kolkata Knight Riders
733987,2014,Kings XI Punjab,Chennai Super Kings,Kings XI Punjab
733989,2014,Rajasthan Royals,Sunrisers Hyderabad,Sunrisers Hyderabad
733991,2014,Royal Challengers Bangalore,Kings XI Punjab,Kings XI Punjab
733993,2014,Delhi Daredevils,Sunrisers Hyderabad,Sunrisers Hyderabad
733995,2014,Mumbai Indians,Chennai Super Kings,Chennai Super Kings
733997,2014,Kings XI Punjab,Kolkata Knight Riders,Kolkata Knight Riders
733999,2014,Royal Challengers Bangalore,Rajasthan Royals,Rajasthan Royals
734001,2014,Sunrisers Hyderabad,Mumbai Indians,Mumbai Indians
734003,2014,Chennai Super Kings,Rajasthan Royals,Chennai Super Kings
734005,2014,Royal Challengers Bangalore,Delhi Daredevils,Royal Challengers Bangalore
734007,2014,Sunrisers Hyderabad,Kings XI Punjab,Kings XI Punjab
734009,2014,Kolkata Knight Riders,Mumbai Indians,Kolkata Knight Riders
734011,2014,Rajasthan Royals,Delhi Daredevils,Rajasthan Royals
734013,2014,Chennai Super Kings,Royal Challengers Bangalore,Royal Challengers Bangalore
734015,2014,Sunrisers Hyderabad,Kolkata Knight Riders,Kolkata Knight Riders
734017,2014,Rajasthan Royals,Mumbai Indians,Mumbai Indians
734019,2014,Delhi Daredevils,Kings XI Punjab,Kings XI Punjab
734021,2014,Sunrisers Hyderabad,Royal Challengers Bangalore,Sunrisers Hyderabad
734023,2014,Kolkata Knight Riders,Chennai Super Kings,Kolkata Knight Riders
734025,2014,Kings XI Punjab,Mumbai Indians,Mumbai Indians
734027,2014,Kolkata Knight Riders,Royal Challengers Bangalore,Kolkata Knight Riders
734029,2014,Chennai Super Kings,Sunrisers Hyderabad,Sunrisers Hyderabad
734031,2014,Mumbai Indians,Delhi Daredevils,Mumbai Indians
734033,2014,Kings XI Punjab,Rajasthan Royals,Kings XI Punjab
734035,2014,Royal Challengers Bangalore,Chennai Super Kings,Chennai Super Kings
734037,2014,Kolkata Knight Riders,Sunrisers Hyderabad,Kolkata Knight Riders
734039,2014,Kings XI Punjab,Delhi Daredevils,Kings XI Punjab
734041,2014,Mumbai Indians,Rajasthan Royals,Mumbai Indians
734043,2014,Kings XI Punjab,Kolkata Knight Riders,Kolkata Knight Riders
734045,2014,Chennai Super Kings,Mumbai Indians,Chennai Super Kings
734047,2014,Chennai Super Kings,Kings XI Punjab,Kings XI Punjab
734049,2014,Kolkata Knight Riders,Kings XI Punjab,Kolkata Knight Riders
829705,2015,Kolkata Knight Riders,Mumbai Indians,Kolkata Knight Riders
829707,2015,Chennai Super Kings,Delhi Daredevils,Chennai Super Kings
829709,2015,Kings XI Punjab,Rajasthan Royals,Rajasthan Royals
829711,2015,Chennai Super Kings,Sunrisers Hyderabad,Chennai Super Kings
829713,2015,Kolkata Knight Riders,Royal Challengers Bangalore,Royal Challengers Bangalore
829715,2015,Delhi Daredevils,Rajasthan Royals,Rajasthan Royals
829717,2015,Mumbai Indians,Kings XI Punjab,Kings XI Punjab
829719,2015,Royal Challengers Bangalore,Sunrisers Hyderabad,Sunrisers Hyderabad
829721,2015,Rajasthan Royals,Mumbai Indians,Rajasthan Royals
829725,2015,Kings XI Punjab,Delhi Daredevils,Delhi Daredevils
829727,2015,Sunrisers Hyderabad,Rajasthan Royals,Rajasthan Royals
829729,2015,Mumbai Indians,Chennai Super Kings,Chennai Super Kings
829731,2015,Sunrisers Hyderabad,Delhi Daredevils,Delhi Daredevils
829733,2015,Kings XI Punjab,Kolkata Knight Riders,Kolkata Knight Riders
829735,2015,Rajasthan Royals,Chennai Super Kings,Rajasthan Royals
829737,2015,Royal Challengers Bangalore,Mumbai Indians,Mumbai Indians
829739,2015,Delhi Daredevils,Kolkata Knight Riders,Kolkata Knight Riders
829741,2015,Rajasthan Royals,Kings XI Punjab,Kings XI Punjab
829743,2015,Sunrisers Hyderabad,Kolkata Knight Riders,Sunrisers Hyderabad
829745,2015,Royal Challengers Bangalore,Chennai Super Kings,Chennai Super Kings
829747,2015,Delhi Daredevils,Mumbai Indians,Delhi Daredevils
829749,2015,Rajasthan Royals,Royal Challengers Bangalore,Royal Challengers Bangalore
829751,2015,Mumbai Indians,Sunrisers Hyderabad,Mumbai Indians
829753,2015,Chennai Super Kings,Kings XI Punjab,Chennai Super Kings
829757,2015,Delhi Daredevils,Royal Challengers Bangalore,Royal Challengers Bangalore
829759,2015,Kings XI Punjab,Sunrisers Hyderabad,Sunrisers Hyderabad
829765,2015,Chennai Super Kings,Kolkata Knight Riders,Chennai Super Kings
829763,2015,Royal Challengers Bangalore,Rajasthan Royals,NA
829723,2015,Kolkata Knight Riders,Chennai Super Kings,Kolkata Knight Riders
829767,2015,Delhi Daredevils,Kings XI Punjab,Delhi Daredevils
829769,2015,Mumbai Indians,Rajasthan Royals,Mumbai Indians
829771,2015,Royal Challengers Bangalore,Kolkata Knight Riders,Royal Challengers Bangalore
829773,2015,Sunrisers Hyderabad,Chennai Super Kings,Sunrisers Hyderabad
829775,2015,Kings XI Punjab,Mumbai Indians,Mumbai Indians
829777,2015,Rajasthan Royals,Delhi Daredevils,Rajasthan Royals
829779,2015,Chennai Super Kings,Royal Challengers Bangalore,Chennai Super Kings
829781,2015,Kolkata Knight Riders,Sunrisers Hyderabad,Kolkata Knight Riders
829783,2015,Mumbai Indians,Delhi Daredevils,Mumbai Indians
829785,2015,Royal Challengers Bangalore,Kings XI Punjab,Royal Challengers Bangalore
829761,2015,Kolkata Knight Riders,Delhi Daredevils,Kolkata Knight Riders
829787,2015,Rajasthan Royals,Sunrisers Hyderabad,Sunrisers Hyderabad
829789,2015,Chennai Super Kings,Mumbai Indians,Mumbai Indians
829791,2015,Kolkata Knight Riders,Kings XI Punjab,Kolkata Knight Riders
829793,2015,Delhi Daredevils,Sunrisers Hyderabad,Sunrisers Hyderabad
829795,2015,Mumbai Indians,Royal Challengers Bangalore,Royal Challengers Bangalore
829797,2015,Chennai Super Kings,Rajasthan Royals,Chennai Super Kings
829799,2015,Sunrisers Hyderabad,Kings XI Punjab,Sunrisers Hyderabad
829801,2015,Delhi Daredevils,Chennai Super Kings,Delhi Daredevils
829803,2015,Kings XI Punjab,Royal Challengers Bangalore,Kings XI Punjab
829805,2015,Mumbai Indians,Kolkata Knight Riders,Mumbai Indians
829807,2015,Sunrisers Hyderabad,Royal Challengers Bangalore,Royal Challengers Bangalore
829809,2015,Kings XI Punjab,Chennai Super Kings,Chennai Super Kings
829811,2015,Rajasthan Royals,Kolkata Knight Riders,Rajasthan Royals
829813,2015,Royal Challengers Bangalore,Delhi Daredevils,NA
829815,2015,Sunrisers Hyderabad,Mumbai Indians,Mumbai Indians
829817,2015,Chennai Super Kings,Mumbai Indians,Mumbai Indians
829819,2015,Royal Challengers Bangalore,Rajasthan Royals,Royal Challengers Bangalore
829821,2015,Chennai Super Kings,Royal Challengers Bangalore,Chennai Super Kings
829823,2015,Mumbai Indians,Chennai Super Kings,Mumbai Indians
980901,2016,Mumbai Indians,Rising Pune Supergiants,Rising Pune Supergiants
980903,2016,Kolkata Knight Riders,Delhi Daredevils,Kolkata Knight Riders
980905,2016,Kings XI Punjab,Gujarat Lions,Gujarat Lions
980907,2016,Royal Challengers Bangalore,Sunrisers Hyderabad,Royal Challengers Bangalore
980909,2016,Kolkata Knight Riders,Mumbai Indians,Mumbai Indians
980911,2016,Gujarat Lions,Rising Pune Supergiants,Gujarat Lions
980913,2016,Delhi Daredevils,Kings XI Punjab,Delhi Daredevils
980915,2016,Sunrisers Hyderabad,Kolkata Knight Riders,Kolkata Knight Riders
980917,2016,Mumbai Indians,Gujarat Lions,Gujarat Lions
980919,2016,Kings XI Punjab,Rising Pune Supergiants,Kings XI Punjab
980921,2016,Royal Challengers Bangalore,Delhi Daredevils,Delhi Daredevils
980923,2016,Sunrisers Hyderabad,Mumbai Indians,Sunrisers Hyderabad
980925,2016,Kings XI Punjab,Kolkata Knight Riders,Kolkata Knight Riders
980927,2016,Mumbai Indians,Royal Challengers Bangalore,Mumbai Indians
980929,2016,Gujarat Lions,Sunrisers Hyderabad,Sunrisers Hyderabad
980931,2016,Rising Pune Supergiants,Royal Challengers Bangalore,Royal Challengers Bangalore
980933,2016,Delhi Daredevils,Mumbai Indians,Delhi Daredevils
980935,2016,Sunrisers Hyderabad,Kings XI Punjab,Sunrisers Hyderabad
980937,2016,Gujarat Lions,Royal Challengers Bangalore,Gujarat Lions
980939,2016,Rising Pune Supergiants,Kolkata Knight Riders,Kolkata Knight Riders
980941,2016,Kings XI Punjab,Mumbai Indians,Mumbai Indians
980943,2016,Sunrisers Hyderabad,Rising Pune Supergiants,Rising Pune Supergiants
980945,2016,Delhi Daredevils,Gujarat Lions,Gujarat Lions
980947,2016,Mumbai Indians,Kolkata Knight Riders,Mumbai Indians
980949,2016,Rising Pune Supergiants,Gujarat Lions,Gujarat Lions
980951,2016,Delhi Daredevils,Kolkata Knight Riders,Delhi Daredevils
980953,2016,Sunrisers Hyderabad,Royal Challengers Bangalore,Sunrisers Hyderabad
980955,2016,Gujarat Lions,Kings XI Punjab,Kings XI Punjab
980957,2016,Rising Pune Supergiants,Mumbai Indians,Mumbai Indians
980959,2016,Royal Challengers Bangalore,Kolkata Knight Riders,Kolkata Knight Riders
980961,2016,Gujarat Lions,Delhi Daredevils,Delhi Daredevils
980963,2016,Kolkata Knight Riders,Kings XI Punjab,Kolkata Knight Riders
980965,2016,Delhi Daredevils,Rising Pune Supergiants,Rising Pune Supergiants
980967,2016,Sunrisers Hyderabad,Gujarat Lions,Sunrisers Hyderabad
980969,2016,Royal Challengers Bangalore,Rising Pune Supergiants,Royal Challengers Bangalore
980971,2016,Kings XI Punjab,Delhi Daredevils,Kings XI Punjab
980973,2016,Mumbai Indians,Sunrisers Hyderabad,Sunrisers Hyderabad
980975,2016,Kolkata Knight Riders,Gujarat Lions,Gujarat Lions
980977,2016,Kings XI Punjab,Royal Challengers Bangalore,Royal Challengers Bangalore
980979,2016,Rising Pune Supergiants,Sunrisers Hyderabad,Sunrisers Hyderabad
980981,2016,Royal Challengers Bangalore,Mumbai Indians,Mumbai Indians
980983,2016,Sunrisers Hyderabad,Delhi Daredevils,Delhi Daredevils
980985,2016,Mumbai Indians,Kings XI Punjab,Kings XI Punjab
980987,2016,Royal Challengers Bangalore,Gujarat Lions,Royal Challengers Bangalore
980989,2016,Kolkata Knight Riders,Rising Pune Supergiants,Kolkata Knight Riders
980991,2016,Kings XI Punjab,Sunrisers Hyderabad,Sunrisers Hyderabad
980993,2016,Mumbai Indians,Delhi Daredevils,Mumbai Indians
980995,2016,Kolkata Knight Riders,Royal Challengers Bangalore,Royal Challengers Bangalore
980997,2016,Rising Pune Supergiants,Delhi Daredevils,Rising Pune Supergiants
980999,2016,Royal Challengers Bangalore,Kings XI Punjab,Royal Challengers Bangalore
981001,2016,Gujarat Lions,Kolkata Knight Riders,Gujarat Lions
981003,2016,Delhi Daredevils,Sunrisers Hyderabad,Delhi Daredevils
981005,2016,Rising Pune Supergiants,Kings XI Punjab,Rising Pune Supergiants
981007,2016,Gujarat Lions,Mumbai Indians,Gujarat Lions
981009,2016,Kolkata Knight Riders,Sunrisers Hyderabad,Kolkata Knight Riders
981011,2016,Delhi Daredevils,Royal Challengers Bangalore,Royal Challengers Bangalore
981013,2016,Gujarat Lions,Royal Challengers Bangalore,Royal Challengers Bangalore
981015,2016,Sunrisers Hyderabad,Kolkata Knight Riders,Sunrisers Hyderabad
981017,2016,Gujarat Lions,Sunrisers Hyderabad,Sunrisers Hyderabad
981019,2016,Royal Challengers Bangalore,Sunrisers Hyderabad,Sunrisers Hyderabad
1082591,2017,Sunrisers Hyderabad,Royal Challengers Bangalore,Sunrisers Hyderabad
1082592,2017,Rising Pune Supergiant,Mumbai Indians,Rising Pune Supergiant
1082593,2017,Gujarat Lions,Kolkata Knight Riders,Kolkata Knight Riders
1082594,2017,Kings XI Punjab,Rising Pune Supergiant,Kings XI Punjab
1082595,2017,Royal Challengers Bangalore,Delhi Daredevils,Royal Challengers Bangalore
1082596,2017,Sunrisers Hyderabad,Gujarat Lions,Sunrisers Hyderabad
1082597,2017,Mumbai Indians,Kolkata Knight Riders,Mumbai Indians
1082598,2017,Kings XI Punjab,Royal Challengers Bangalore,Kings XI Punjab
1082599,2017,Rising Pune Supergiant,Delhi Daredevils,Delhi Daredevils
1082600,2017,Mumbai Indians,Sunrisers Hyderabad,Mumbai Indians
1082601,2017,Kolkata Knight Riders,Kings XI Punjab,Kolkata Knight Riders
1082602,2017,Royal Challengers Bangalore,Mumbai Indians,Mumbai Indians
1082603,2017,Gujarat Lions,Rising Pune Supergiant,Gujarat Lions
1082604,2017,Kolkata Knight Riders,Sunrisers Hyderabad,Kolkata Knight Riders
1082605,2017,Delhi Daredevils,Kings XI Punjab,Delhi Daredevils
1082606,2017,Mumbai Indians,Gujarat Lions,Mumbai Indians
1082607,2017,Royal Challengers Bangalore,Rising Pune Supergiant,Rising Pune Supergiant
1082608,2017,Delhi Daredevils,Kolkata Knight Riders,Kolkata Knight Riders
1082609,2017,Sunrisers Hyderabad,Kings XI Punjab,Sunrisers Hyderabad
1082610,2017,Gujarat Lions,Royal Challengers Bangalore,Royal Challengers Bangalore
1082611,2017,Sunrisers Hyderabad,Delhi Daredevils,Sunrisers Hyderabad
1082612,2017,Kings XI Punjab,Mumbai Indians,Mumbai Indians
1082613,2017,Kolkata Knight Riders,Gujarat Lions,Gujarat Lions
1082614,2017,Mumbai Indians,Delhi Daredevils,Mumbai Indians
1082615,2017,Rising Pune Supergiant,Sunrisers Hyderabad,Rising Pune Supergiant
1082616,2017,Gujarat Lions,Kings XI Punjab,Kings XI Punjab
1082617,2017,Kolkata Knight Riders,Royal Challengers Bangalore,Kolkata Knight Riders
1082618,2017,Mumbai Indians,Rising Pune Supergiant,Rising Pune Supergiant
1082620,2017,Rising Pune Supergiant,Kolkata Knight Riders,Kolkata Knight Riders
1082621,2017,Royal Challengers Bangalore,Gujarat Lions,Gujarat Lions
1082622,2017,Kolkata Knight Riders,Delhi Daredevils,Kolkata Knight Riders
1082623,2017,Kings XI Punjab,Sunrisers Hyderabad,Sunrisers Hyderabad
1082624,2017,Rising Pune Supergiant,Royal Challengers Bangalore,Rising Pune Supergiant
1082625,2017,Gujarat Lions,Mumbai Indians,Mumbai Indians
1082626,2017,Kings XI Punjab,Delhi Daredevils,Kings XI Punjab
1082627,2017,Sunrisers Hyderabad,Kolkata Knight Riders,Sunrisers Hyderabad
1082628,2017,Mumbai Indians,Royal Challengers Bangalore,Mumbai Indians
1082629,2017,Rising Pune Supergiant,Gujarat Lions,Rising Pune Supergiant
1082630,2017,Delhi Daredevils,Sunrisers Hyderabad,Delhi Daredevils
1082631,2017,Kolkata Knight Riders,Rising Pune Supergiant,Rising Pune Supergiant
1082632,2017,Delhi Daredevils,Gujarat Lions,Delhi Daredevils
1082633,2017,Royal Challengers Bangalore,Kings XI Punjab,Kings XI Punjab
1082634,2017,Sunrisers Hyderabad,Rising Pune Supergiant,Rising Pune Supergiant
1082635,2017,Delhi Daredevils,Mumbai Indians,Mumbai Indians
1082636,2017,Royal Challengers Bangalore,Kolkata Knight Riders,Kolkata Knight Riders
1082637,2017,Kings XI Punjab,Gujarat Lions,Gujarat Lions
1082638,2017,Sunrisers Hyderabad,Mumbai Indians,Sunrisers Hyderabad
1082639,2017,Kings XI Punjab,Kolkata Knight Riders,Kings XI Punjab
1082640,2017,Gujarat Lions,Delhi Daredevils,Delhi Daredevils
1082641,2017,Mumbai Indians,Kings XI Punjab,Kings XI Punjab
1082642,2017,Delhi Daredevils,Rising Pune Supergiant,Delhi Daredevils
1082643,2017,Gujarat Lions,Sunrisers Hyderabad,Sunrisers Hyderabad
1082644,2017,Kolkata Knight Riders,Mumbai Indians,Mumbai Indians
1082645,2017,Rising Pune Supergiant,Kings XI Punjab,Rising Pune Supergiant
1082646,2017,Delhi Daredevils,Royal Challengers Bangalore,Royal Challengers Bangalore
1082647,2017,Mumbai Indians,Rising Pune Supergiant,Rising Pune Supergiant
1082648,2017,Sunrisers Hyderabad,Kolkata Knight Riders,Kolkata Knight Riders
1082649,2017,Mumbai Indians,Kolkata Knight Riders,Mumbai Indians
1082650,2017,Mumbai Indians,Rising Pune Supergiant,Mumbai Indians
1136561,2018,Mumbai Indians,Chennai Super Kings,Chennai Super Kings
1136562,2018,Delhi Daredevils,Kings XI Punjab,Kings XI Punjab
1136563,2018,Royal Challengers Bangalore,Kolkata Knight Riders,Kolkata Knight Riders
1136564,2018,Rajasthan Royals,Sunrisers Hyderabad,Sunrisers Hyderabad
1136565,2018,Kolkata Knight Riders,Chennai Super Kings,Chennai Super Kings
1136566,2018,Rajasthan Royals,Delhi Daredevils,Rajasthan Royals
1136567,2018,Mumbai Indians,Sunrisers Hyderabad,Sunrisers Hyderabad
1136568,2018,Kings XI Punjab,Royal Challengers Bangalore,Royal Challengers Bangalore
1136569,2018,Mumbai Indians,Delhi Daredevils,Delhi Daredevils
1136570,2018,Kolkata Knight Riders,Sunrisers Hyderabad,Sunrisers Hyderabad
1136571,2018,Rajasthan Royals,Royal Challengers Bangalore,Rajasthan Royals
1136572,2018,Kings XI Punjab,Chennai Super Kings,Kings XI Punjab
1136573,2018,Kolkata Knight Riders,Delhi Daredevils,Kolkata Knight Riders
1136574,2018,Mumbai Indians,Royal Challengers Bangalore,Mumbai Indians
1136575,2018,Rajasthan Royals,Kolkata Knight Riders,Kolkata Knight Riders
1136576,2018,Kings XI Punjab,Sunrisers Hyderabad,Kings XI Punjab
1136577,2018,Chennai Super Kings,Rajasthan Royals,Chennai Super Kings
1136578,2018,Kolkata Knight Riders,Kings XI Punjab,Kings XI Punjab
1136579,2018,Delhi Daredevils,Royal Challengers Bangalore,Royal Challengers Bangalore
1136580,2018,Chennai Super Kings,Sunrisers Hyderabad,Chennai Super Kings
1136581,2018,Mumbai Indians,Rajasthan Royals,Rajasthan Royals
1136582,2018,Kings XI Punjab,Delhi Daredevils,Kings XI Punjab
1136583,2018,Sunrisers Hyderabad,Mumbai Indians,Sunrisers Hyderabad
1136584,2018,Royal Challengers Bangalore,Chennai Super Kings,Chennai Super Kings
1136585,2018,Sunrisers Hyderabad,Kings XI Punjab,Sunrisers Hyderabad
1136586,2018,Delhi Daredevils,Kolkata Knight Riders,Delhi Daredevils
1136587,2018,Chennai Super Kings,Mumbai Indians,Mumbai Indians
1136588,2018,Sunrisers Hyderabad,Rajasthan Royals,Sunrisers Hyderabad
1136589,2018,Royal Challengers Bangalore,Kolkata Knight Riders,Kolkata Knight Riders
1136590,2018,Chennai Super Kings,Delhi Daredevils,Chennai Super Kings
1136591,2018,Royal Challengers Bangalore,Mumbai Indians,Royal Challengers Bangalore
1136592,2018,Delhi Daredevils,Rajasthan Royals,Delhi Daredevils
1136593,2018,Chennai Super Kings,Kolkata Knight Riders,Kolkata Knight Riders
1136594,2018,Kings XI Punjab,Mumbai Indians,Mumbai Indians
1136595,2018,Royal Challengers Bangalore,Chennai Super Kings,Chennai Super Kings
1136596,2018,Delhi Daredevils,Sunrisers Hyderabad,Sunrisers Hyderabad
1136597,2018,Mumbai Indians,Kolkata Knight Riders,Mumbai Indians
1136598,2018,Rajasthan Royals,Kings XI Punjab,Kings XI Punjab
1136599,2018,Sunrisers Hyderabad,Royal Challengers Bangalore,Sunrisers Hyderabad
1136600,2018,Rajasthan Royals,Kings XI Punjab,Rajasthan Royals
1136601,2018,Mumbai Indians,Kolkata Knight Riders,Mumbai Indians
1136602,2018,Delhi Daredevils,Sunrisers Hyderabad,Sunrisers Hyderabad
1136603,2018,Chennai Super Kings,Rajasthan Royals,Rajasthan Royals
1136604,2018,Kolkata Knight Riders,Kings XI Punjab,Kolkata Knight Riders
1136605,2018,Delhi Daredevils,Royal Challengers Bangalore,Royal Challengers Bangalore
1136606,2018,Sunrisers Hyderabad,Chennai Super Kings,Chennai Super Kings
1136607,2018,Mumbai Indians,Rajasthan Royals,Rajasthan Royals
1136608,2018,Kings XI Punjab,Royal Challengers Bangalore,Royal Challengers Bangalore
1136609,2018,Rajasthan Royals,Kolkata Knight Riders,Kolkata Knight Riders
1136610,2018,Mumbai Indians,Kings XI Punjab,Mumbai Indians
1136611,2018,Royal Challengers Bangalore,Sunrisers Hyderabad,Royal Challengers Bangalore
1136612,2018,Delhi Daredevils,Chennai Super Kings,Delhi Daredevils
1136613,2018,Rajasthan Royals,Royal Challengers Bangalore,Rajasthan Royals
1136614,2018,Sunrisers Hyderabad,Kolkata Knight Riders,Kolkata Knight Riders
1136615,2018,Delhi Daredevils,Mumbai Indians,Delhi Daredevils
1136616,2018,Kings XI Punjab,Chennai Super Kings,Chennai Super Kings
1136617,2018,Sunrisers Hyderabad,Chennai Super Kings,Chennai Super Kings
1136618,2018,Kolkata Knight Riders,Rajasthan Royals,Kolkata Knight Riders
1136619,2018,Sunrisers Hyderabad,Kolkata Knight Riders,Sunrisers Hyderabad
1136620,2018,Sunrisers Hyderabad,Chennai Super Kings,Chennai Super Kings
1175356,2019,Royal Challengers Bangalore,Chennai Super Kings,Chennai Super Kings
1175357,2019,Sunrisers Hyderabad,Kolkata Knight Riders,Kolkata Knight Riders
1175358,2019,Delhi Capitals,Mumbai Indians,Delhi Capitals
1175359,2019,Kings XI Punjab,Rajasthan Royals,Kings XI Punjab
1175360,2019,Delhi Capitals,Chennai Super Kings,Chennai Super Kings
1175361,2019,Kolkata Knight Riders,Kings XI Punjab,Kolkata Knight Riders
1175362,2019,Mumbai Indians,Royal Challengers Bangalore,Mumbai Indians
1175363,2019,Rajasthan Royals,Sunrisers Hyderabad,Sunrisers Hyderabad
1175364,2019,Mumbai Indians,Kings XI Punjab,Kings XI Punjab
1175365,2019,Kolkata Knight Riders,Delhi Capitals,Delhi Capitals
1175366,2019,Sunrisers Hyderabad,Royal Challengers Bangalore,Sunrisers Hyderabad
1175367,2019,Chennai Super Kings,Rajasthan Royals,Chennai Super Kings
1175368,2019,Kings XI Punjab,Delhi Capitals,Kings XI Punjab
1175369,2019,Royal Challengers Bangalore,Rajasthan Royals,Rajasthan Royals
1175370,2019,Mumbai Indians,Chennai Super Kings,Mumbai Indians
1175371,2019,Delhi Capitals,Sunrisers Hyderabad,Sunrisers Hyderabad
1175372,2019,Royal Challengers Bangalore,Kolkata Knight Riders,Kolkata Knight Riders
1178393,2019,Chennai Super Kings,Kings XI Punjab,Chennai Super Kings
1178394,2019,Mumbai Indians,Sunrisers Hyderabad,Mumbai Indians
1178395,2019,Royal Challengers Bangalore,Delhi Capitals,Delhi Capitals
1178396,2019,Rajasthan Royals,Kolkata Knight Riders,Kolkata Knight Riders
1178397,2019,Sunrisers Hyderabad,Kings XI Punjab,Kings XI Punjab
1178398,2019,Kolkata Knight Riders,Chennai Super Kings,Chennai Super Kings
1178399,2019,Kings XI Punjab,Mumbai Indians,Mumbai Indians
1178400,2019,Rajasthan Royals,Chennai Super Kings,Chennai Super Kings
1178401,2019,Kolkata Knight Riders,Delhi Capitals,Delhi Capitals
1178402,2019,Mumbai Indians,Rajasthan Royals,Rajasthan Royals
1178403,2019,Kings XI Punjab,Royal Challengers Bangalore,Royal Challengers Bangalore
1178404,2019,Kolkata Knight Riders,Chennai Super Kings,Chennai Super Kings
1178405,2019,Delhi Capitals,Sunrisers Hyderabad,Delhi Capitals
1178406,2019,Royal Challengers Bangalore,Mumbai Indians,Mumbai Indians
1178407,2019,Kings XI Punjab,Rajasthan Royals,Kings XI Punjab
1178408,2019,Chennai Super Kings,Sunrisers Hyderabad,Sunrisers Hyderabad
1178409,2019,Mumbai Indians,Delhi Capitals,Mumbai Indians
1178410,2019,Royal Challengers Bangalore,Kolkata Knight Riders,Royal Challengers Bangalore
1178411,2019,Mumbai Indians,Rajasthan Royals,Rajasthan Royals
1178412,2019,Kings XI Punjab,Delhi Capitals,Delhi Capitals
1178413,2019,Kolkata Knight Riders,Sunrisers Hyderabad,Sunrisers Hyderabad
1178414,2019,Royal Challengers Bangalore,Chennai Super Kings,Royal Challengers Bangalore
1178415,2019,Rajasthan Royals,Delhi Capitals,Delhi Capitals
1178416,2019,Sunrisers Hyderabad,Chennai Super Kings,Chennai Super Kings
1178417,2019,Royal Challengers Bangalore,Kings XI Punjab,Royal Challengers Bangalore
1178418,2019,Kolkata Knight Riders,Rajasthan Royals,Rajasthan Royals
1178419,2019,Mumbai Indians,Chennai Super Kings,Mumbai Indians
1178420,2019,Sunrisers Hyderabad,Rajasthan Royals,Rajasthan Royals
1178421,2019,Delhi Capitals,Royal Challengers Bangalore,Delhi Capitals
1178422,2019,Kolkata Knight Riders,Mumbai Indians,Kolkata Knight Riders
1178423,2019,Sunrisers Hyderabad,Kings XI Punjab,Sunrisers Hyderabad
1178424,2019,Royal Challengers Bangalore,Rajasthan Royals,NA
1178425,2019,Chennai Super Kings,Delhi Capitals,Chennai Super Kings
1178426,2019,Mumbai Indians,Sunrisers Hyderabad,Mumbai Indians
1178427,2019,Kings XI Punjab,Kolkata Knight Riders,Kolkata Knight Riders
1178428,2019,Rajasthan Royals,Delhi Capitals,Delhi Capitals
1178429,2019,Sunrisers Hyderabad,Royal Challengers Bangalore,Royal Challengers Bangalore
1178430,2019,Chennai Super Kings,Kings XI Punjab,Kings XI Punjab
1178431,2019,Kolkata Knight Riders,Mumbai Indians,Mumbai Indians
1181764,2019,Chennai Super Kings,Mumbai Indians,Mumbai Indians
1181766,2019,Sunrisers Hyderabad,Delhi Capitals,Delhi Capitals
1181767,2019,Delhi Capitals,Chennai Super Kings,Chennai Super Kings
1181768,2019,Mumbai Indians,Chennai Super Kings,Mumbai Indians
1216492,2020/21,Mumbai Indians,Chennai Super Kings,Chennai Super Kings
1216493,2020/21,Delhi Capitals,Kings XI Punjab,Delhi Capitals
1216534,2020/21,Royal Challengers Bangalore,Sunrisers Hyderabad,Royal Challengers Bangalore
1216496,2020/21,Rajasthan Royals,Chennai Super Kings,Rajasthan Royals
1216508,2020/21,Mumbai Indians,Kolkata Knight Riders,Mumbai Indians
1216510,2020/21,Kings XI Punjab,Royal Challengers Bangalore,Kings XI Punjab
1216539,2020/21,Delhi Capitals,Chennai Super Kings,Delhi Capitals
1216545,2020/21,Sunrisers Hyderabad,Kolkata Knight Riders,Kolkata Knight Riders
1216527,2020/21,Kings XI Punjab,Rajasthan Royals,Rajasthan Royals
1216547,2020/21,Royal Challengers Bangalore,Mumbai Indians,Royal Challengers Bangalore
1216532,2020/21,Sunrisers Hyderabad,Delhi Capitals,Sunrisers Hyderabad
1216504,2020/21,Kolkata Knight Riders,Rajasthan Royals,Kolkata Knight Riders
1216503,2020/21,Mumbai Indians,Kings XI Punjab,Mumbai Indians
1216516,2020/21,Sunrisers Hyderabad,Chennai Super Kings,Sunrisers Hyderabad
1216514,2020/21,Rajasthan Royals,Royal Challengers Bangalore,Royal Challengers Bangalore
1216515,2020/21,Delhi Capitals,Kolkata Knight Riders,Delhi Capitals
1216513,2020/21,Kings XI Punjab,Chennai Super Kings,Chennai Super Kings
1216538,2020/21,Mumbai Indians,Sunrisers Hyderabad,Mumbai Indians
1216519,2020/21,Delhi Capitals,Royal Challengers Bangalore,Delhi Capitals
1216511,2020/21,Mumbai Indians,Rajasthan Royals,Mumbai Indians
1216501,2020/21,Kolkata Knight Riders,Chennai Super Kings,Kolkata Knight Riders
1216542,2020/21,Sunrisers Hyderabad,Kings XI Punjab,Sunrisers Hyderabad
1216500,2020/21,Delhi Capitals,Rajasthan Royals,Delhi Capitals
1216523,2020/21,Kolkata Knight Riders,Kings XI Punjab,Kolkata Knight Riders
1216525,2020/21,Royal Challengers Bangalore,Chennai Super Kings,Royal Challengers Bangalore
1216507,2020/21,Sunrisers Hyderabad,Rajasthan Royals,Rajasthan Royals
1216529,2020/21,Delhi Capitals,Mumbai Indians,Mumbai Indians
1216540,2020/21,Royal Challengers Bangalore,Kolkata Knight Riders,Royal Challengers Bangalore
1216528,2020/21,Chennai Super Kings,Sunrisers Hyderabad,Chennai Super Kings
1216543,2020/21,Delhi Capitals,Rajasthan Royals,Delhi Capitals
1216531,2020/21,Royal Challengers Bangalore,Kings XI Punjab,Kings XI Punjab
1216526,2020/21,Kolkata Knight Riders,Mumbai Indians,Mumbai Indians
1216509,2020/21,Chennai Super Kings,Delhi Capitals,Delhi Capitals
1216522,2020/21,Rajasthan Royals,Royal Challengers Bangalore,Royal Challengers Bangalore
1216512,2020/21,Kolkata Knight Riders,Sunrisers Hyderabad,Kolkata Knight Riders
1216517,2020/21,Mumbai Indians,Kings XI Punjab,Kings XI Punjab
1216533,2020/21,Chennai Super Kings,Rajasthan Royals,Rajasthan Royals
1216546,2020/21,Delhi Capitals,Kings XI Punjab,Kings XI Punjab
1216494,2020/21,Kolkata Knight Riders,Royal Challengers Bangalore,Royal Challengers Bangalore
1216518,2020/21,Rajasthan Royals,Sunrisers Hyderabad,Sunrisers Hyderabad
1216521,2020/21,Chennai Super Kings,Mumbai Indians,Mumbai Indians
1216497,2020/21,Kolkata Knight Riders,Delhi Capitals,Kolkata Knight Riders
1216498,2020/21,Kings XI Punjab,Sunrisers Hyderabad,Kings XI Punjab
1216541,2020/21,Mumbai Indians,Rajasthan Royals,Rajasthan Royals
1216544,2020/21,Royal Challengers Bangalore,Chennai Super Kings,Chennai Super Kings
1216520,2020/21,Kolkata Knight Riders,Kings XI Punjab,Kings XI Punjab
1216524,2020/21,Sunrisers Hyderabad,Delhi Capitals,Sunrisers Hyderabad
1216499,2020/21,Royal Challengers Bangalore,Mumbai Indians,Mumbai Indians
1216536,2020/21,Kolkata Knight Riders,Chennai Super Kings,Chennai Super Kings
1216537,2020/21,Kings XI Punjab,Rajasthan Royals,Rajasthan Royals
1216502,2020/21,Royal Challengers Bangalore,Sunrisers Hyderabad,Sunrisers Hyderabad
1216535,2020/21,Delhi Capitals,Mumbai Indians,Mumbai Indians
1216506,2020/21,Kings XI Punjab,Chennai Super Kings,Chennai Super Kings
1216530,2020/21,Kolkata Knight Riders,Rajasthan Royals,Kolkata Knight Riders
1216505,2020/21,Royal Challengers Bangalore,Delhi Capitals,Delhi Capitals
1216495,2020/21,Mumbai Indians,Sunrisers Hyderabad,Sunrisers Hyderabad
1237177,2020/21,Mumbai Indians,Delhi Capitals,Mumbai Indians
1237178,2020/21,Royal Challengers Bangalore,Sunrisers Hyderabad,Sunrisers Hyderabad
1237180,2020/21,Delhi Capitals,Sunrisers Hyderabad,Delhi Capitals
1237181,2020/21,Delhi Capitals,Mumbai Indians,Mumbai Indians
1254058,2021,Mumbai Indians,Royal Challengers Bangalore,Royal Challengers Bangalore
1254059,2021,Chennai Super Kings,Delhi Capitals,Delhi Capitals
1254060,2021,Kolkata Knight Riders,Sunrisers Hyderabad,Kolkata Knight Riders
1254061,2021,Punjab Kings,Rajasthan Royals,Punjab Kings
1254062,2021,Mumbai Indians,Kolkata Knight Riders,Mumbai Indians
1254063,2021,Royal Challengers Bangalore,Sunrisers Hyderabad,Royal Challengers Bangalore
1254064,2021,Delhi Capitals,Rajasthan Royals,Rajasthan Royals
1254065,2021,Punjab Kings,Chennai Super Kings,Chennai Super Kings
1254066,2021,Mumbai Indians,Sunrisers Hyderabad,Mumbai Indians
1254067,2021,Royal Challengers Bangalore,Kolkata Knight Riders,Royal Challengers Bangalore
1254068,2021,Punjab Kings,Delhi Capitals,Delhi Capitals
1254069,2021,Chennai Super Kings,Rajasthan Royals,Chennai Super Kings
1254070,2021,Mumbai Indians,Delhi Capitals,Delhi Capitals
1254071,2021,Punjab Kings,Sunrisers Hyderabad,Sunrisers Hyderabad
1254072,2021,Chennai Super Kings,Kolkata Knight Riders,Chennai Super Kings
1254073,2021,Rajasthan Royals,Royal Challengers Bangalore,Royal Challengers Bangalore
1254074,2021,Mumbai Indians,Punjab Kings,Punjab Kings
1254075,2021,Kolkata Knight Riders,Rajasthan Royals,Rajasthan Royals
1254076,2021,Chennai Super Kings,Royal Challengers Bangalore,Chennai Super Kings
1254077,2021,Delhi Capitals,Sunrisers Hyderabad,Delhi Capitals
1254078,2021,Punjab Kings,Kolkata Knight Riders,Kolkata Knight Riders
1254079,2021,Royal Challengers Bangalore,Delhi Capitals,Royal Challengers Bangalore
1254080,2021,Sunrisers Hyderabad,Chennai Super Kings,Chennai Super Kings
1254081,2021,Rajasthan Royals,Mumbai Indians,Mumbai Indians
1254082,2021,Kolkata Knight Riders,Delhi Capitals,Delhi Capitals
1254083,2021,Punjab Kings,Royal Challengers Bangalore,Punjab Kings
1254084,2021,Chennai Super Kings,Mumbai Indians,Mumbai Indians
1254085,2021,Rajasthan Royals,Sunrisers Hyderabad,Rajasthan Royals
1254086,2021,Punjab Kings,Delhi Capitals,Delhi Capitals
1254104,2021,Chennai Super Kings,Mumbai Indians,Chennai Super Kings
1254087,2021,Royal Challengers Bangalore,Kolkata Knight Riders,Kolkata Knight Riders
1254111,2021,Rajasthan Royals,Punjab Kings,Rajasthan Royals
1254105,2021,Sunrisers Hyderabad,Delhi Capitals,Delhi Capitals
1254096,2021,Mumbai Indians,Kolkata Knight Riders,Kolkata Knight Riders
1254113,2021,Royal Challengers Bangalore,Chennai Super Kings,Chennai Super Kings
1254097,2021,Delhi Capitals,Rajasthan Royals,Delhi Capitals
1254107,2021,Punjab Kings,Sunrisers Hyderabad,Punjab Kings
1254098,2021,Kolkata Knight Riders,Chennai Super Kings,Chennai Super Kings
1254108,2021,Royal Challengers Bangalore,Mumbai Indians,Royal Challengers Bangalore
1254100,2021,Rajasthan Royals,Sunrisers Hyderabad,Sunrisers Hyderabad
1254092,2021,Delhi Capitals,Kolkata Knight Riders,Kolkata Knight Riders
1254099,2021,Punjab Kings,Mumbai Indians,Mumbai Indians
1254103,2021,Rajasthan Royals,Royal Challengers Bangalore,Royal Challengers Bangalore
1254091,2021,Sunrisers Hyderabad,Chennai Super Kings,Chennai Super Kings
1254102,2021,Kolkata Knight Riders,Punjab Kings,Punjab Kings
1254089,2021,Chennai Super Kings,Rajasthan Royals,Rajasthan Royals
1254112,2021,Mumbai Indians,Delhi Capitals,Delhi Capitals
1254090,2021,Royal Challengers Bangalore,Punjab Kings,Royal Challengers Bangalore
1254109,2021,Sunrisers Hyderabad,Kolkata Knight Riders,Kolkata Knight Riders
1254110,2021,Chennai Super Kings,Delhi Capitals,Delhi Capitals
1254093,2021,Rajasthan Royals,Mumbai Indians,Mumbai Indians
1254095,2021,Sunrisers Hyderabad,Royal Challengers Bangalore,Sunrisers Hyderabad
1254094,2021,Chennai Super Kings,Punjab Kings,Punjab Kings
1254106,2021,Kolkata Knight Riders,Rajasthan Royals,Kolkata Knight Riders
1254088,2021,Mumbai Indians,Sunrisers Hyderabad,Mumbai Indians
1254101,2021,Delhi Capitals,Royal Challengers Bangalore,Royal Challengers Bangalore
1254114,2021,Delhi Capitals,Chennai Super Kings,Chennai Super Kings
1254115,2021,Royal Challengers Bangalore,Kolkata Knight Riders,Kolkata Knight Riders
1254116,2021,Delhi Capitals,Kolkata Knight Riders,Kolkata Knight Riders
1254117,2021,Chennai Super Kings,Kolkata Knight Riders,Chennai Super Kings
1304047,2022,Chennai Super Kings,Kolkata Knight Riders,Kolkata Knight Riders
1304048,2022,Mumbai Indians,Delhi Capitals,Delhi Capitals
1304049,2022,Royal Challengers Bangalore,Punjab Kings,Punjab Kings
1304050,2022,Lucknow Super Giants,Gujarat Titans,Gujarat Titans
1304051,2022,Rajasthan Royals,Sunrisers Hyderabad,Rajasthan Royals
1304052,2022,Kolkata Knight Riders,Royal Challengers Bangalore,Royal Challengers Bangalore
1304053,2022,Chennai Super Kings,Lucknow Super Giants,Lucknow Super Giants
1304054,2022,Punjab Kings,Kolkata Knight Riders,Kolkata Knight Riders
1304055,2022,Rajasthan Royals,Mumbai Indians,Rajasthan Royals
1304056,2022,Gujarat Titans,Delhi Capitals,Gujarat Titans
1304057,2022,Punjab Kings,Chennai Super Kings,Punjab Kings
1304058,2022,Lucknow Super Giants,Sunrisers Hyderabad,Lucknow Super Giants
1304059,2022,Rajasthan Royals,Royal Challengers Bangalore,Royal Challengers Bangalore
1304060,2022,Mumbai Indians,Kolkata Knight Riders,Kolkata Knight Riders
1304061,2022,Delhi Capitals,Lucknow Super Giants,Lucknow Super Giants
1304062,2022,Punjab Kings,Gujarat Titans,Gujarat Titans
1304063,2022,Chennai Super Kings,Sunrisers Hyderabad,Sunrisers Hyderabad
1304064,2022,Mumbai Indians,Royal Challengers Bangalore,Royal Challengers Bangalore
1304065,2022,Delhi Capitals,Kolkata Knight Riders,Delhi Capitals
1304066,2022,Rajasthan Royals,Lucknow Super Giants,Rajasthan Royals
1304067,2022,Gujarat Titans,Sunrisers Hyderabad,Sunrisers Hyderabad
1304068,2022,Chennai Super Kings,Royal Challengers Bangalore,Chennai Super Kings
1304069,2022,Punjab Kings,Mumbai Indians,Punjab Kings
1304070,2022,Gujarat Titans,Rajasthan Royals,Gujarat Titans
1304071,2022,Kolkata Knight Riders,Sunrisers Hyderabad,Sunrisers Hyderabad
1304072,2022,Lucknow Super Giants,Mumbai Indians,Lucknow Super Giants
1304073,2022,Royal Challengers Bangalore,Delhi Capitals,Royal Challengers Bangalore
1304074,2022,Punjab Kings,Sunrisers Hyderabad,Sunrisers Hyderabad
1304075,2022,Chennai Super Kings,Gujarat Titans,Gujarat Titans
1304076,2022,Rajasthan Royals,Kolkata Knight Riders,Rajasthan Royals
1304077,2022,Royal Challengers Bangalore,Lucknow Super Giants,Royal Challengers Bangalore
1304078,2022,Punjab Kings,Delhi Capitals,Delhi Capitals
1304079,2022,Mumbai Indians,Chennai Super Kings,Chennai Super Kings
1304080,2022,Rajasthan Royals,Delhi Capitals,Rajasthan Royals
1304081,2022,Gujarat Titans,Kolkata Knight Riders,Gujarat Titans
1304082,2022,Royal Challengers Bangalore,Sunrisers Hyderabad,Sunrisers Hyderabad
1304083,2022,Lucknow Super Giants,Mumbai Indians,Lucknow Super Giants
1304084,2022,Punjab Kings,Chennai Super Kings,Punjab Kings
1304085,2022,Rajasthan Royals,Royal Challengers Bangalore,Rajasthan Royals
1304086,2022,Sunrisers Hyderabad,Gujarat Titans,Gujarat Titans
1304087,2022,Kolkata Knight Riders,Delhi Capitals,Delhi Capitals
1304088,2022,Lucknow Super Giants,Punjab Kings,Lucknow Super Giants
1304089,2022,Royal Challengers Bangalore,Gujarat Titans,Gujarat Titans
1304090,2022,Rajasthan Royals,Mumbai Indians,Mumbai Indians
1304091,2022,Lucknow Super Giants,Delhi Capitals,Lucknow Super Giants
1304092,2022,Chennai Super Kings,Sunrisers Hyderabad,Chennai Super Kings
1304093,2022,Rajasthan Royals,Kolkata Knight Riders,Kolkata Knight Riders
1304094,2022,Gujarat Titans,Punjab Kings,Punjab Kings
1304095,2022,Royal Challengers Bangalore,Chennai Super Kings,Royal Challengers Bangalore
1304096,2022,Delhi Capitals,Sunrisers Hyderabad,Delhi Capitals
1304097,2022,Mumbai Indians,Gujarat Titans,Mumbai Indians
1304098,2022,Punjab Kings,Rajasthan Royals,Rajasthan Royals
1304099,2022,Lucknow Super Giants,Kolkata Knight Riders,Lucknow Super Giants
1304100,2022,Royal Challengers Bangalore,Sunrisers Hyderabad,Royal Challengers Bangalore
1304101,2022,Chennai Super Kings,Delhi Capitals,Chennai Super Kings
1304102,2022,Kolkata Knight Riders,Mumbai Indians,Kolkata Knight Riders
1304103,2022,Gujarat Titans,Lucknow Super Giants,Gujarat Titans
1304104,2022,Rajasthan Royals,Delhi Capitals,Delhi Capitals
1304105,2022,Chennai Super Kings,Mumbai Indians,Mumbai Indians
1304106,2022,Punjab Kings,Royal Challengers Bangalore,Punjab Kings
1304107,2022,Kolkata Knight Riders,Sunrisers Hyderabad,Kolkata Knight Riders
1304108,2022,Chennai Super Kings,Gujarat Titans,Gujarat Titans
1304109,2022,Rajasthan Royals,Lucknow Super Giants,Rajasthan Royals
1304110,2022,Delhi Capitals,Punjab Kings,Delhi Capitals
1304111,2022,Sunrisers Hyderabad,Mumbai Indians,Sunrisers Hyderabad
1304112,2022,Lucknow Super Giants,Kolkata Knight Riders,Lucknow Super Giants
1304113,2022,Gujarat Titans,Royal Challengers Bangalore,Royal Challengers Bangalore
1304114,2022,Chennai Super Kings,Rajasthan Royals,Rajasthan Royals
1304115,2022,Delhi Capitals,Mumbai Indians,Mumbai Indians
1304116,2022,Sunrisers Hyderabad,Punjab Kings,Punjab Kings
1312197,2022,Rajasthan Royals,Gujarat Titans,Gujarat Titans
1312198,2022,Royal Challengers Bangalore,Lucknow Super Giants,Royal Challengers Bangalore
1312199,2022,Royal Challengers Bangalore,Rajasthan Royals,Rajasthan Royals
1312200,2022,Rajasthan Royals,Gujarat Titans,Gujarat Titans
1359475,2023,Chennai Super Kings,Gujarat Titans,Gujarat Titans
1359476,2023,Punjab Kings,Kolkata Knight Riders,Punjab Kings
1359477,2023,Lucknow Super Giants,Delhi Capitals,Lucknow Super Giants
1359478,2023,Rajasthan Royals,Sunrisers Hyderabad,Rajasthan Royals
1359479,2023,Mumbai Indians,Royal Challengers Bangalore,Royal Challengers Bangalore
1359480,2023,Chennai Super Kings,Lucknow Super Giants,Chennai Super Kings
1359481,2023,Delhi Capitals,Gujarat Titans,Gujarat Titans
1359482,2023,Punjab Kings,Rajasthan Royals,Punjab Kings
1359483,2023,Kolkata Knight Riders,Royal Challengers Bangalore,Kolkata Knight Riders
1359484,2023,Sunrisers Hyderabad,Lucknow Super Giants,Lucknow Super Giants
1359485,2023,Rajasthan Royals,Delhi Capitals,Rajasthan Royals
1359486,2023,Mumbai Indians,Chennai Super Kings,Chennai Super Kings
1359487,2023,Gujarat Titans,Kolkata Knight Riders,Kolkata Knight Riders
1359488,2023,Punjab Kings,Sunrisers Hyderabad,Sunrisers Hyderabad
1359489,2023,Royal Challengers Bangalore,Lucknow Super Giants,Lucknow Super Giants
1359490,2023,Delhi Capitals,Mumbai Indians,Mumbai Indians
1359491,2023,Rajasthan Royals,Chennai Super Kings,Rajasthan Royals
1359492,2023,Punjab Kings,Gujarat Titans,Gujarat Titans
1359493,2023,Sunrisers Hyderabad,Kolkata Knight Riders,Sunrisers Hyderabad
1359494,2023,Royal Challengers Bangalore,Delhi Capitals,Royal Challengers Bangalore
1359495,2023,Lucknow Super Giants,Punjab Kings,Punjab Kings
1359496,2023,Kolkata Knight Riders,Mumbai Indians,Mumbai Indians
1359497,2023,Gujarat Titans,Rajasthan Royals,Rajasthan Royals
1359498,2023,Chennai Super Kings,Royal Challengers Bangalore,Chennai Super Kings
1359499,2023,Mumbai Indians,Sunrisers Hyderabad,Mumbai Indians
1359500,2023,Lucknow Super Giants,Rajasthan Royals,Lucknow Super Giants
1359501,2023,Royal Challengers Bangalore,Punjab Kings,Royal Challengers Bangalore
1359502,2023,Kolkata Knight Riders,Delhi Capitals,Delhi Capitals
1359503,2023,Sunrisers Hyderabad,Chennai Super Kings,Chennai Super Kings
1359504,2023,Gujarat Titans,Lucknow Super Giants,Gujarat Titans
1359505,2023,Punjab Kings,Mumbai Indians,Punjab Kings
1359506,2023,Royal Challengers Bangalore,Rajasthan Royals,Royal Challengers Bangalore
1359507,2023,Chennai Super Kings,Kolkata Knight Riders,Chennai Super Kings
1359508,2023,Delhi Capitals,Sunrisers Hyderabad,Delhi Capitals
1359509,2023,Gujarat Titans,Mumbai Indians,Gujarat Titans
1359510,2023,Kolkata Knight Riders,Royal Challengers Bangalore,Kolkata Knight Riders
1359511,2023,Rajasthan Royals,Chennai Super Kings,Rajasthan Royals
1359512,2023,Lucknow Super Giants,Punjab Kings,Lucknow Super Giants
1359513,2023,Kolkata Knight Riders,Gujarat Titans,Gujarat Titans
1359514,2023,Sunrisers Hyderabad,Delhi Capitals,Sunrisers Hyderabad
1359515,2023,Chennai Super Kings,Punjab Kings,Punjab Kings
1359516,2023,Rajasthan Royals,Mumbai Indians,Mumbai Indians
1359517,2023,Royal Challengers Bangalore,Lucknow Super Giants,Royal Challengers Bangalore
1359518,2023,Delhi Capitals,Gujarat Titans,Delhi Capitals
1359519,2023,Lucknow Super Giants,Chennai Super Kings,NA
1359520,2023,Punjab Kings,Mumbai Indians,Mumbai Indians
1359521,2023,Kolkata Knight Riders,Sunrisers Hyderabad,Kolkata Knight Riders
1359522,2023,Rajasthan Royals,Gujarat Titans,Gujarat Titans
1359523,2023,Mumbai Indians,Chennai Super Kings,Chennai Super Kings
1359524,2023,Royal Challengers Bangalore,Delhi Capitals,Delhi Capitals
1359525,2023,Gujarat Titans,Lucknow Super Giants,Gujarat Titans
1359526,2023,Rajasthan Royals,Sunrisers Hyderabad,Sunrisers Hyderabad
1359527,2023,Punjab Kings,Kolkata Knight Riders,Kolkata Knight Riders
1359528,2023,Royal Challengers Bangalore,Mumbai Indians,Mumbai Indians
1359529,2023,Chennai Super Kings,Delhi Capitals,Chennai Super Kings
1359530,2023,Kolkata Knight Riders,Rajasthan Royals,Rajasthan Royals
1359531,2023,Mumbai Indians,Gujarat Titans,Mumbai Indians
1359532,2023,Sunrisers Hyderabad,Lucknow Super Giants,Lucknow Super Giants
1359533,2023,Punjab Kings,Delhi Capitals,Punjab Kings
1359534,2023,Royal Challengers Bangalore,Rajasthan Royals,Royal Challengers Bangalore
1359535,2023,Chennai Super Kings,Kolkata Knight Riders,Kolkata Knight Riders
1359536,2023,Gujarat Titans,Sunrisers Hyderabad,Gujarat Titans
1359537,2023,Lucknow Super Giants,Mumbai Indians,Lucknow Super Giants
1359538,2023,Delhi Capitals,Punjab Kings,Delhi Capitals
1359539,2023,Sunrisers Hyderabad,Royal Challengers Bangalore,Royal Challengers Bangalore
1359540,2023,Punjab Kings,Rajasthan Royals,Rajasthan Royals
1359541,2023,Chennai Super Kings,Delhi Capitals,Chennai Super Kings
1359542,2023,Lucknow Super Giants,Kolkata Knight Riders,Lucknow Super Giants
1359543,2023,Sunrisers Hyderabad,Mumbai Indians,Mumbai Indians
1359544,2023,Royal Challengers Bangalore,Gujarat Titans,Gujarat Titans
1370350,2023,Chennai Super Kings,Gujarat Titans,Chennai Super Kings
1370351,2023,Mumbai Indians,Lucknow Super Giants,Mumbai Indians
1370352,2023,Gujarat Titans,Mumbai Indians,Gujarat Titans
1370353,2023,Gujarat Titans,Chennai Super Kings,Chennai Super Kings
1422119,2024,Royal Challengers Bengaluru,Chennai Super Kings,Chennai Super Kings
1422120,2024,Delhi Capitals,Punjab Kings,Punjab Kings
1422121,2024,Kolkata Knight Riders,Sunrisers Hyderabad,Kolkata Knight Riders
1422122,2024,Rajasthan Royals,Lucknow Super Giants,Rajasthan Royals
1422123,2024,Gujarat Titans,Mumbai Indians,Gujarat Titans
1422124,2024,Punjab Kings,Royal Challengers Bengaluru,Royal Challengers Bengaluru
1422125,2024,Chennai Super Kings,Gujarat Titans,Chennai Super Kings
1422126,2024,Sunrisers Hyderabad,Mumbai Indians,Sunrisers Hyderabad
1422127,2024,Rajasthan Royals,Delhi Capitals,Rajasthan Royals
1422128,2024,Royal Challengers Bengaluru,Kolkata Knight Riders,Kolkata Knight Riders
1422129,2024,Lucknow Super Giants,Punjab Kings,Lucknow Super Giants
1422130,2024,Sunrisers Hyderabad,Gujarat Titans,Gujarat Titans
1422131,2024,Delhi Capitals,Chennai Super Kings,Delhi Capitals
1422132,2024,Mumbai Indians,Rajasthan Royals,Rajasthan Royals
1422133,2024,Lucknow Super Giants,Royal Challengers Bengaluru,Lucknow Super Giants
1422134,2024,Kolkata Knight Riders,Delhi Capitals,Kolkata Knight Riders
1422135,2024,Gujarat Titans,Punjab Kings,Punjab Kings
1422136,2024,Chennai Super Kings,Sunrisers Hyderabad,Sunrisers Hyderabad
1422137,2024,Royal Challengers Bengaluru,Rajasthan Royals,Rajasthan Royals
1422138,2024,Mumbai Indians,Delhi Capitals,Mumbai Indians
1422139,2024,Lucknow Super Giants,Gujarat Titans,Lucknow Super Giants
1426260,2024,Kolkata Knight Riders,Chennai Super Kings,Chennai Super Kings
1426261,2024,Sunrisers Hyderabad,Punjab Kings,Sunrisers Hyderabad
1426262,2024,Rajasthan Royals,Gujarat Titans,Gujarat Titans
1426263,2024,Royal Challengers Bengaluru,Mumbai Indians,Mumbai Indians
1426264,2024,Lucknow Super Giants,Delhi Capitals,Delhi Capitals
1426265,2024,Punjab Kings,Rajasthan Royals,Rajasthan Royals
1426266,2024,Lucknow Super Giants,Kolkata Knight Riders,Kolkata Knight Riders
1426267,2024,Chennai Super Kings,Mumbai Indians,Chennai Super Kings
1426268,2024,Sunrisers Hyderabad,Royal Challengers Bengaluru,Sunrisers Hyderabad
1426269,2024,Kolkata Knight Riders,Rajasthan Royals,Rajasthan Royals
1426270,2024,Gujarat Titans,Delhi Capitals,Delhi Capitals
1426271,2024,Mumbai Indians,Punjab Kings,Mumbai Indians
1426272,2024,Chennai Super Kings,Lucknow Super Giants,Lucknow Super Giants
1426273,2024,Sunrisers Hyderabad,Delhi Capitals,Sunrisers Hyderabad
1426274,2024,Kolkata Knight Riders,Royal Challengers Bengaluru,Kolkata Knight Riders
1426275,2024,Punjab Kings,Gujarat Titans,Gujarat Titans
1426276,2024,Mumbai Indians,Rajasthan Royals,Rajasthan Royals
1426277,2024,Chennai Super Kings,Lucknow Super Giants,Lucknow Super Giants
1426278,2024,Delhi Capitals,Gujarat Titans,Delhi Capitals
1426279,2024,Royal Challengers Bengaluru,Sunrisers Hyderabad,Royal Challengers Bengaluru
1426280,2024,Kolkata Knight Riders,Punjab Kings,Punjab Kings
1426281,2024,Delhi Capitals,Mumbai Indians,Delhi Capitals
1426282,2024,Lucknow Super Giants,Rajasthan Royals,Rajasthan Royals
1426283,2024,Gujarat Titans,Royal Challengers Bengaluru,Royal Challengers Bengaluru
1426284,2024,Chennai Super Kings,Sunrisers Hyderabad,Chennai Super Kings
1426285,2024,Delhi Capitals,Kolkata Knight Riders,Kolkata Knight Riders
1426286,2024,Mumbai Indians,Lucknow Super Giants,Lucknow Super Giants
1426287,2024,Chennai Super Kings,Punjab Kings,Punjab Kings
1426288,2024,Sunrisers Hyderabad,Rajasthan Royals,Sunrisers Hyderabad
1426289,2024,Kolkata Knight Riders,Mumbai Indians,Kolkata Knight Riders
1426290,2024,Gujarat Titans,Royal Challengers Bengaluru,Royal Challengers Bengaluru
1426291,2024,Chennai Super Kings,Punjab Kings,Chennai Super Kings
1426292,2024,Kolkata Knight Riders,Lucknow Super Giants,Kolkata Knight Riders
1426293,2024,Sunrisers Hyderabad,Mumbai Indians,Mumbai Indians
1426294,2024,Delhi Capitals,Rajasthan Royals,Delhi Capitals
1426295,2024,Lucknow Super Giants,Sunrisers Hyderabad,Sunrisers Hyderabad
1426296,2024,Royal Challengers Bengaluru,Punjab Kings,Royal Challengers Bengaluru
1426297,2024,Gujarat Titans,Chennai Super Kings,Gujarat Titans
1426298,2024,Kolkata Knight Riders,Mumbai Indians,Kolkata Knight Riders
1426299,2024,Rajasthan Royals,Chennai Super Kings,Chennai Super Kings
1426300,2024,Royal Challengers Bengaluru,Delhi Capitals,Royal Challengers Bengaluru
1426302,2024,Delhi Capitals,Lucknow Super Giants,Delhi Capitals
1426303,2024,Rajasthan Royals,Punjab Kings,Punjab Kings
1426305,2024,Lucknow Super Giants,Mumbai Indians,Lucknow Super Giants
1426306,2024,Royal Challengers Bengaluru,Chennai Super Kings,Royal Challengers Bengaluru
1426307,2024,Punjab Kings,Sunrisers Hyderabad,Sunrisers Hyderabad
1426309,2024,Sunrisers Hyderabad,Kolkata Knight Riders,Kolkata Knight Riders
1426310,2024,Royal Challengers Bengaluru,Rajasthan Royals,Rajasthan Royals
1426311,2024,Sunrisers Hyderabad,Rajasthan Royals,Sunrisers Hyderabad
1426312,2024,Sunrisers Hyderabad,Kolkata Knight Riders,Kolkata Knight Riders
